insert into
  api_product (id, name, unit_price)
values
  (1, 'Cheese & Tomato', 11.90),
  (2, 'Mighty Meaty', 16.90),
  (3, 'Pepperoni Passion', 16.90),
  (4, 'Texas BBQ', 16.90),
  (5, 'Vegi Supreme', 16.90),
  (6, 'American Hot', 15.90),
  (7, 'Chicken and Rasher Bacon', 16.90),
  (8, 'Chicken Feast', 15.90),
  (9, 'Four Vegi', 15.90),
  (10, 'Hot & Spicy', 15.90),
  (11, 'Meateor', 16.90),
  (12, 'New Yorker', 16.90),
  (13, 'Tandoori Hot', 16.90),
  (14, 'The Sizzler', 16.90),
  (15, 'ham', 2),
  (16, 'onion', 1),
  (17, 'bacon', 2),
  (18, 'cheese', 1.4),
  (19, 'green peppers', 1.2),
  (20, 'mushrooms', 1.2);

insert into
    api_pizza (product_ptr_id, img)
values
    (1,'api/img/cheesetomato.jpg'),
    (2,'api/img/mighty-meaty-pizza.jpg'),
    (3,'api/img/pepperoni-passion-pizza.jpg'),
    (4,'api/img/texas-bbq-pizza.jpg'),
    (5,'api/img/vegisupreme-pizza.jpg'),
    (6,'api/img/ahot_thumbnail.jpg'),
    (7,'api/img/CHICKEN_RASHER_BACON.jpg'),
    (8,'api/img/chickenfeast.jpg'),
    (9,'api/img/FourVegi.jpg'),
    (10,'api/img/hot-n-spicy-pizza.jpg'),
    (11,'api/img/meateor.jpg'),
    (12,'api/img/new-yorker.jpg'),
    (13,'api/img/tandoori-hot-pizza.jpg'),
    (14,'api/img/TheSizzler80x56.jpg');

insert into
    api_extra (product_ptr_id)
values
    (15),
    (16),
    (17),
    (18),
    (19),
    (20);

insert into
  api_incredient (id, name)
values
  (1, 'tomato'),
  (2, 'cheese'),
  (3, 'pepperoni'),
  (4, 'ham'),
  (5, 'onion'),
  (6, 'mushrooms'),
  (7, 'sausage'),
  (8, 'bbq sauce'),
  (9, 'bacon'),
  (10, 'roast chicken'),
  (11, 'green peppers'),
  (12, 'jalapeno'),
  (13, 'chicken breast'),
  (14, 'chicken'),
  (15, 'spinach'),
  (16, 'beef'),
  (17, 'bbq sauce'),
  (19, 'pork meatballs'),
  (20, 'garlic sauce');

insert into
    api_pizza_incredients (pizza_id, incredient_id)
values
    (1,1),
    (1,2),
    (2,1),
    (2,3),
    (2,4),
    (2,5),
    (2,6),
    (2,7),
    (3,1),
    (3,3),
    (3,2),
    (4,8),
    (4,9),
    (4,5),
    (4,10),
    (4,11),
    (5,1),
    (5,5),
    (5,11),
    (5,6),
    (6,1),
    (6,5),
    (6,3),
    (6,12),
    (7,1),
    (7,13),
    (7,9),
    (7,5),
    (8,14),
    (8,6),
    (9,1),
    (9,15),
    (9,5),
    (9,6),
    (10,1),
    (10,5),
    (10,16),
    (10,11),
    (10,12),
    (11,17),
    (11,2),
    (11,19),
    (11,7),
    (11,3),
    (11,9),
    (12,1),
    (12,3),
    (12,9),
    (12,6),
    (13,1),
    (13,14),
    (13,5),
    (13,11),
    (13,12),
    (14,1),
    (14,20),
    (14,5),
    (14,3),
    (14,12),
    (14,11);


